<?xml version="1.0" encoding="iso-8859-1"?>
<methodCall>
<methodName>Refill</methodName>
<params>
<param>
  <value>
   <struct>
    <member>
     <name>originNodeType</name>
     <value>
      <string>EXT</string>
     </value>
    </member>
    <member>
     <name>originHostName</name>
     <value>
      <string>meytvvmnmt01menalabcorplocal</string>
     </value>
    </member>
    <member>
     <name>originTransactionID</name>
     <value>
      <string>234882802226</string>
     </value>
    </member>
    <member>
     <name>originTimeStamp</name>
     <value>
      <dateTime.iso8601>20240801T11:36:31+0400</dateTime.iso8601>
     </value>
    </member>
    <member>
     <name>subscriberNumberNAI</name>
     <value>
      <int>1</int>
     </value>
    </member>
    <member>
     <name>negotiatedCapabilities</name>
     <value>
      <array>
       <data>
        <value>
         <int>939860676</int>
        </value>
       </data>
      </array>
     </value>
    </member>
    <member>
     <name>subscriberNumber</name>
     <value>
      <string>${msisdn}</string>
     </value>
    </member>
    <member>
     <name>transactionAmount</name>
     <value>
      <string>100</string>
     </value>
    </member>
    <member>
     <name>transactionCurrency</name>
     <value>
      <string>AED</string>
     </value>
    </member>
    <member>
     <name>refillProfileID</name>
     <value>
      <string>D100</string>
     </value>
    </member>
    <member>
     <name>externalData1</name>
     <value>
      <string>General Cash</string>
     </value>
    </member>
    <member>
     <name>externalData2</name>
     <value>
      <string>DU_100</string>
     </value>
    </member>
   </struct>
  </value>
</param>
</params>
</methodCall>