<methodCall>
 <methodName>Refill</methodName>
 <params>
  <value>
   <struct>
    <member>
     <name>originHostName</name>
     <value>
      <string>INUI</string>
     </value>
    </member>
    <member>
     <name>originTimeStamp</name>
     <value>
      <dateTime.iso8601>20230522T16:12:44+0400</dateTime.iso8601>
     </value>
    </member>
    <member>
     <name>transactionCurrency</name>
     <value>
      <string>AED</string>
     </value>
    </member>
    <member>
     <name>originNodeType</name>
     <value>
      <string>EXT</string>
     </value>
    </member>
    <member>
     <name>originTransactionID</name>
     <value>
      <string>244413584149</string>
     </value>
    </member>
    <member>
     <name>transactionAmount</name>
     <value>
      <string>2000</string>
     </value>
    </member>
    <member>
     <name>subscriberNumber</name>
     <value>
      <string>${msisdn}</string>
     </value>
    </member>
    <member>
     <name>subscriberNumberNAI</name>
     <value>
      <i4>1</i4>
     </value>
    </member>
    <member>
     <name>externalData1</name>
     <value>
      <string>More Credit</string>
     </value>
    </member>
    <member>
     <name>refillProfileID</name>
     <value>
      <string>D20</string>
     </value>
    </member>
    <member>
     <name>externalData2</name>
     <value>
      <string>DU_20</string>
     </value>
    </member>
    <member>
     <name>negotiatedCapabilities</name>
     <value>
      <array>
       <data>
        <value>
         <i4>939860672</i4>
        </value>
       </data>
      </array>
     </value>
    </member>
   </struct>
  </value>
 </params>
</methodCall>