<?xml version="1.0" encoding="iso-8859-1"?>
<methodCall>
<methodName>UpdateAccountDetails</methodName>
<params>
 <param>
  <value>
   <struct>
    <member>
     <name>originNodeType</name>
     <value>
      <string>EXT</string>
     </value>
    </member>
    <member>
     <name>originHostName</name>
     <value>
      <string>meytvvmnmt01menalabcorplocal</string>
     </value>
    </member>
    <member>
     <name>originTransactionID</name>
     <value>
      <string>2019061014225665</string>
     </value>
    </member>
    <member>
     <name>originTimeStamp</name>
     <value>
      <dateTime.iso8601>20190610T14:22:56+0400</dateTime.iso8601>
     </value>
    </member>
    <member>
     <name>subscriberNumberNAI</name>
     <value>
      <int>1</int>
     </value>
    </member>
    <member>
     <name>subscriberNumber</name>
     <value>
      <string>${msisdn}</string>
     </value>
    </member>
    <member>
     <name>languageIDNew</name>
     <value>
      <int>${languageId}</int>
     </value>
    </member>
   </struct>
  </value>
 </param>
</params>
</methodCall>