<methodCall>
  <methodName>DeleteOffer</methodName>
  <params>
    <param>
      <value>
        <struct>
          <member>
            <name>subscriberNumberNAI</name>
            <value><int>1</int></value>
          </member>
          <member>
            <name>subscriberNumber</name>
            <value><string>${msisdn}</string></value>
          </member>
          <member>
            <name>originTimeStamp</name>
            <value><dateTime.iso8601>20140416T09:22:58+0000</dateTime.iso8601></value>
          </member>
          <member>
            <name>originTransactionID</name>
            <value><string>200000096</string></value>
          </member>
          <member>
            <name>originHostName</name>
            <value><string>CISRegression</string></value>
          </member>
          <member>
            <name>originNodeType</name>
            <value><string>CIS</string></value>
          </member>
          <member>
            <name>offerID</name>
            <value><int>${offer_id}</int></value>
          </member>
        </struct>
      </value>
    </param>
  </params>
</methodCall>
