<methodCall>
  <methodName>DeleteDedicatedAccounts</methodName>
  <params>
    <param>
      <value>
        <struct>
          <member>
            <name>originNodeType</name>
            <value>
              <string>CIS</string>
            </value>
          </member>
          <member>
            <name>originHostName</name>
            <value>
              <string>CISRegression</string>
            </value>
          </member>
          <member>
            <name>originTransactionID</name>
            <value>
              <string>2020021718093168</string>
            </value>
          </member>
          <member>
            <name>originTimeStamp</name>
            <value>
              <dateTime.iso8601>20170217T18:09:31+0000</dateTime.iso8601>
            </value>
          </member>
          <member>
            <name>subscriberNumberNAI</name>
            <value>
              <int>1</int>
            </value>
          </member>
          <member>
            <name>subscriberNumber</name>
            <value>
              <string>${msisdn}</string>
            </value>
          </member>
          <member>
            <name>dedicatedAccountIdentifier</name>
            <value>
              <array>
                <data>
                  <value>
                    <struct>
                      <member>
                        <name>dedicatedAccountID</name>
                        <value>
                          <int>${da_id}</int>
                        </value>
                      </member>
                    </struct>
                  </value>
                </data>
              </array>
            </value>
          </member>
        </struct>
      </value>
    </param>
  </params>
</methodCall>
