<?xml version="1.0"?>
<methodCall>
  <methodName>UpdateFaFList</methodName>
  <params>
    <param>
      <value>
        <struct>
          <member>
            <name>originNodeType</name>
            <value>
              <string>CIS</string>
            </value>
          </member>
          <member>
            <name>originHostName</name>
            <value>
              <string>CISREG</string>
            </value>
          </member>
          <member>
            <name>originTransactionID</name>
            <value>
              <string>975864225055658063</string>
            </value>
          </member>
          <member>
            <name>originTimeStamp</name>
            <value>
              <dateTime.iso8601>20220414T11:49:09+0000</dateTime.iso8601>
            </value>
          </member>
          <member>
            <name>subscriberNumberNAI</name>
            <value>
              <i4>1</i4>
            </value>
          </member>
          <member>
            <name>subscriberNumber</name>
            <value>
              <string>${msisdn}</string>
            </value>
          </member>
          <member>
            <name>originOperatorID</name>
            <value>
              <string>CISREG</string>
            </value>
          </member>
          <member>
            <name>fafAction</name>
            <value>
              <string>DELETE</string>
            </value>
          </member>
          <member>
            <name>fafInformation</name>
            <value>
              <struct>
                <member>
                  <name>fafNumber</name>
                  <value>
                    <string>${faf_num}</string>
                  </value>
                </member>
                <member>
                  <name>owner</name>
                  <value>
                    <string>Subscriber</string>
                  </value>
                </member>
              </struct>
            </value>
          </member>
        </struct>
      </value>
    </param>
  </params>
</methodCall>
