<methodCall>
  <methodName>GetAccumulators</methodName>
  <params>
    <param>
      <value>
        <struct>
          <member>
            <name>originNodeType</name>
            <value>
              <string>CIS</string>
            </value>
          </member>
          <member>
            <name>originHostName</name>
            <value>
              <string>RegressionTest</string>
            </value>
          </member>
          <member>
            <name>originTransactionID</name>
            <value>
              <string>826680402252222222</string>
            </value>
          </member>
          <member>
            <name>originTimeStamp</name>
            <value>
              <dateTime.iso8601>20191203T07:17:05+0000</dateTime.iso8601>
            </value>
          </member>
          <member>
            <name>subscriberNumberNAI</name>
            <value>
              <i4>1</i4>
            </value>
          </member>
          <member>
            <name>subscriberNumber</name>
            <value>
              <string>${msisdn}</string>
            </value>
          </member>
        </struct>
      </value>
    </param>
  </params>
</methodCall>
