<methodCall>
  <methodName>GetAccountDetails</methodName>
  <params>
    <param>
      <value>
        <struct>
          <member>
            <name>originNodeType</name>
            <value>
              <string>CIS</string>
            </value>
          </member>
          <member>
            <name>originHostName</name>
            <value>
              <string>CISREG</string>
            </value>
          </member>
          <member>
            <name>originTransactionID</name>
            <value>
              <string>29985463716682788</string>
            </value>
          </member>
          <member>
            <name>originTimeStamp</name>
            <value>
              <dateTime.iso8601>20201005T12:24:41+0000</dateTime.iso8601>
            </value>
          </member>
          <member>
            <name>subscriberNumberNAI</name>
            <value>
              <i4>1</i4>
            </value>
          </member>
          <member>
            <name>subscriberNumber</name>
            <value>
              <string>${msisdn}</string>
            </value>
          </member>
          <member>
            <name>requestedInformationFlags</name>
            <value>
              <struct>
                <member>
                  <name>requestMasterAccountBalanceFlag</name>
                  <value>
                    <boolean>1</boolean>
                  </value>
                </member>
              </struct>
            </value>
          </member>
          <member>
            <name>requestPamInformationFlag</name>
            <value>
              <boolean>1</boolean>
            </value>
          </member>
        </struct>
      </value>
    </param>
  </params>
</methodCall>
