<methodCall>
  <methodName>GetBalanceAndDate</methodName>
  <params>
    <param>
      <value>
        <struct>
          <member>
            <name>originNodeType</name>
            <value>
              <string>CIS</string>
            </value>
          </member>
          <member>
            <name>originHostName</name>
            <value>
              <string>CISREG</string>
            </value>
          </member>
          <member>
            <name>originTransactionID</name>
            <value>
              <string>2020031721383934</string>
            </value>
          </member>
          <member>
            <name>originTimeStamp</name>
            <value>
              <dateTime.iso8601>20200401T00:38:39+0100</dateTime.iso8601>
            </value>
          </member>
          <member>
            <name>subscriberNumberNAI</name>
            <value>
              <int>1</int>
            </value>
          </member>
          <member>
            <name>negotiatedCapabilities</name>
            <value>
              <array>
                <data>
                  <value>
                    <int>0</int>
                  </value>
                </data>
              </array>
            </value>
          </member>
          <member>
            <name>subscriberNumber</name>
            <value>
              <string>${msisdn}</string>
            </value>
          </member>
        </struct>
      </value>
    </param>
  </params>
</methodCall>
