<methodCall>
  <methodName>UpdateOffer</methodName>
  <params>
    <param>
      <value>
        <struct>
          <member>
            <name>originNodeType</name>
            <value>
              <string>CIS</string>
            </value>
          </member>
          <member>
            <name>originHostName</name>
            <value>
              <string>RegressionTest</string>
            </value>
          </member>
          <member>
            <name>originTransactionID</name>
            <value>
              <string>2017041122374896</string>
            </value>
          </member>
          <member>
            <name>originTimeStamp</name>
            <value>
              <dateTime.iso8601>20170411T22:37:48+0000</dateTime.iso8601>
            </value>
          </member>
          <member>
            <name>subscriberNumberNAI</name>
            <value>
              <int>1</int>
            </value>
          </member>
          <member>
            <name>subscriberNumber</name>
            <value>
              <string>${msisdn}</string>
            </value>
          </member>
          <member>
            <name>offerID</name>
            <value>
              <int>${offer_id}</int>
            </value>
          </member>
          <member>
            <name>offerType</name>
            <value>
              <int>${offer_type}</int>
            </value>
          </member>
          <member>
            <name>${ed_name}</name>
            <value>
              <dateTime.iso8601>${ed}</dateTime.iso8601>
            </value>
          </member>
        </struct>
      </value>
    </param>
  </params>
</methodCall>
