<methodCall>
  <methodName>UpdateAccumulators</methodName>
  <params>
    <param>
      <value>
        <struct>
          <member>
            <name>originNodeType</name>
            <value>
              <string>CIS</string>
            </value>
          </member>
          <member>
            <name>originHostName</name>
            <value>
              <string>CISRegression</string>
            </value>
          </member>
          <member>
            <name>originTransactionID</name>
            <value>
              <string>201703102057059</string>
            </value>
          </member>
          <member>
            <name>originTimeStamp</name>
            <value>
              <dateTime.iso8601>20170310T20:57:05+0100</dateTime.iso8601>
            </value>
          </member>
          <member>
            <name>subscriberNumberNAI</name>
            <value>
              <int>1</int>
            </value>
          </member>
          <member>
            <name>subscriberNumber</name>
            <value>
              <string>${msisdn}</string>
            </value>
          </member>
          <member>
            <name>accumulatorUpdateInformation</name>
            <value>
              <array>
                <data>
                  <value>
                    <struct>
                      <member>
                        <name>accumulatorID</name>
                        <value>
                          <int>${ua_id}</int>
                        </value>
                      </member>
                      <member>
                        <name>accumulatorValueAbsolute</name>
                        <value>
                          <int>${ua_val}</int>
                        </value>
                      </member>
                    </struct>
                  </value>
                </data>
              </array>
            </value>
          </member>
        </struct>
      </value>
    </param>
  </params>
</methodCall>
