<?xml version="1.0" encoding="iso-8859-1"?>
<methodCall>
<methodName>UpdateBalanceAndDate</methodName>
<params>
<param>
  <value>
   <struct>
    <member>
     <name>originNodeType</name>
     <value>
      <string>EXT</string>
     </value>
    </member>
    <member>
     <name>originHostName</name>
     <value>
      <string>OCSSTOECNMT01tele2net</string>
     </value>
    </member>
    <member>
     <name>originTransactionID</name>
     <value>
      <string>2023013119180590</string>
     </value>
    </member>
    <member>
     <name>originTimeStamp</name>
     <value>
      <dateTime.iso8601>20230316T13:38:05+0400</dateTime.iso8601>
     </value>
    </member>
    <member>
     <name>subscriberNumberNAI</name>
     <value>
      <int>1</int>
     </value>
    </member>
    <member>
     <name>negotiatedCapabilities</name>
     <value>
      <array>
       <data>
        <value>
         <int>939860676</int>
        </value>
        <value>
         <int>10028</int>
        </value>
       </data>
      </array>
     </value>
    </member>
    <member>
     <name>subscriberNumber</name>
     <value>
      <string>${msisdn}</string>
     </value>
    </member>
	<member>
     <name>transactionCurrency</name>
     <value>
     <string>AED</string>
     </value>
     </member>
    <member>
     <name>dedicatedAccountUpdateInformation</name>
     <value>
      <array>
       <data>
        <value>
         <struct>
          <member>
           <name>dedicatedAccountID</name>
           <value>
            <int>1</int>
           </value>
          </member>
          <member>
           <name>dedicatedAccountValueNew</name>
           <value>
            <string>100000</string>
           </value>
          </member>
		  <member>
           <name>dedicatedAccountUnitType</name>
           <value>
            <int>1</int>
           </value>
          </member>
         </struct>
        </value>
       </data>
      </array>
     </value>
    </member>
   </struct>
  </value>
</param>
</params>
</methodCall>