<methodCall>
  <methodName>UpdateServiceClass</methodName>
  <params>
    <param>
      <value>
        <struct>
          <member>
            <name>originHostName</name>
            <value>
              <string>RegressionTest</string>
            </value>
          </member>
          <member>
            <name>originNodeType</name>
            <value>
              <string>CIS</string>
            </value>
          </member>
          <member>
            <name>originTransactionID</name>
            <value>
              <string>12345</string>
            </value>
          </member>
          <member>
            <name>originTimeStamp</name>
            <value>
              <dateTime.iso8601>20200404T11:15:21-0500</dateTime.iso8601>
            </value>
          </member>
          <member>
            <name>serviceClassNew</name>
            <value>
              <int>${service_class}</int>
            </value>
          </member>
          <member>
            <name>subscriberNumberNAI</name>
            <value>
              <int>1</int>
            </value>
          </member>
          <member>
            <name>subscriberNumber</name>
            <value>
              <string>${msisdn}</string>
            </value>
          </member>
          <member>
            <name>serviceClassAction</name>
            <value>
              <string>SetOriginal</string>
            </value>
          </member>
        </struct>
      </value>
    </param>
  </params>
</methodCall>
