<?xml version="1.0"?>
<methodCall>
<methodName>UpdateBalanceAndDate</methodName>
<params>
<param>
<value>
<struct>
<member>
<name>originNodeType</name>
<value>
<string>CIS</string>
</value>
</member>
<member>
<name>originHostName</name>
<value>
<string>CIS</string>
</value>
</member>
<member>
<name>originTransactionID</name>
<value>
<string>520000013167957535</string>
</value>
</member>
<member>
<name>originTimeStamp</name>
<value>
<dateTime.iso8601>20230420T22:09:24+0400</dateTime.iso8601>
</value>
</member>
<member>
<name>subscriberNumber</name>
<value>
<string>${msisdn}</string>
</value>
</member>
<member>
<name>transactionCurrency</name>
<value>
<string>${TRANSACTION_CURRENCY}</string>
</value>
</member>
<member>
<name>dedicatedAccountUpdateInformation</name>
<value>
<array>
<data>
<value>
<struct>
<member>
<name>adjustmentAmountRelative</name>
<value>
<string>${adjbal}</string>
</value>
</member>
<member>
<name>dedicatedAccountID</name>
<value>
<i4>1</i4>
</value>
</member>
<member>
<name>dedicatedAccountUnitType</name>
<value>
<i4>1</i4>
</value>
</member>
</struct>
</value>
</data>
</array>
</value>
</member>
</struct>
</value>
</param>
</params>
</methodCall>